{
  "NEV": 2000,
  "p_grid": [
    -1.5,
    -1.0,
    -0.5,
    0.0,
    0.5,
    1.0,
    1.5
  ],
  "R_grid": [
    0.4,
    0.6,
    0.8,
    1.0,
    1.2
  ],
  "sigma": [
    [
      0.10966660412067125,
      0.08909329579252023,
      0.07635734422376661,
      0.07273159116729716,
      0.07158503198379551
    ],
    [
      0.1105088600633441,
      0.09014726274531637,
      0.07626786705835159,
      0.07215719987902391,
      0.07175903833630254
    ],
    [
      0.11371505770111029,
      0.09144874042273105,
      0.07820684965159302,
      0.07224796068109063,
      0.0716803239948593
    ],
    [
      0.11526424963852483,
      0.09144850444770103,
      0.07958158368118023,
      0.07512014425197117,
      0.07334999252183894
    ],
    [
      0.11591619143595044,
      0.0915837364280076,
      0.08111497929009004,
      0.07465854438699637,
      0.07338178977915294
    ],
    [
      0.11653532848434145,
      0.09085129369330947,
      0.08048472579829552,
      0.07558157297781748,
      0.07317077307701425
    ],
    [
      0.11596004426534484,
      0.09144240012379529,
      0.08013770945916021,
      0.07591738037893742,
      0.07327551161812595
    ]
  ],
  "med": [
    [
      0.9632043385959019,
      0.9859257578954929,
      0.9999669985076522,
      1.0101394169283204,
      1.021570089058075
    ],
    [
      0.9627917643992712,
      0.9856316456642468,
      0.999582479648189,
      1.0100287301144486,
      1.021514965184401
    ],
    [
      0.9626245657056539,
      0.9853261758104966,
      0.999520251767428,
      1.0099941462224282,
      1.0208463486712858
    ],
    [
      0.9627770506761903,
      0.9848137930154585,
      0.9976632297976913,
      1.0078231138599065,
      1.0175083233040298
    ],
    [
      0.9649800762440259,
      0.9866938697751129,
      0.9993746436310585,
      1.009028339978969,
      1.0181057063495953
    ],
    [
      0.967160201342132,
      0.9881247742921611,
      1.0006650099213659,
      1.0109619714583915,
      1.0198034967376013
    ],
    [
      0.9683012887506345,
      0.9886798221735418,
      1.0013823582669397,
      1.0114798219706496,
      1.0206839905025507
    ]
  ],
  "eff": [
    [
      0.863,
      0.86775,
      0.8675,
      0.8735,
      0.875
    ],
    [
      0.862,
      0.86775,
      0.86725,
      0.8725,
      0.8735
    ],
    [
      0.86225,
      0.86675,
      0.867,
      0.8725,
      0.8735
    ],
    [
      0.862,
      0.86525,
      0.86575,
      0.87,
      0.87325
    ],
    [
      0.863,
      0.86525,
      0.86475,
      0.87025,
      0.87325
    ],
    [
      0.86275,
      0.865,
      0.865,
      0.87,
      0.8725
    ],
    [
      0.86275,
      0.8655,
      0.864,
      0.869,
      0.8715
    ]
  ],
  "obj": [
    [
      0.11567490980124022,
      0.09019811331724065,
      0.07635735135535596,
      0.07343495168768867,
      0.07476419962852751
    ],
    [
      0.11660472095511018,
      0.09128514987001371,
      0.07626900988523824,
      0.0728507853223962,
      0.07491497386929351
    ],
    [
      0.11969978043696582,
      0.092618536164466,
      0.07820832110967178,
      0.07293593614461731,
      0.07465011119169762
    ],
    [
      0.12112553488466035,
      0.09270086217667306,
      0.07961588381838822,
      0.07552640056895349,
      0.0754106278177835
    ],
    [
      0.12109070359400076,
      0.09254530717262989,
      0.08111738984841606,
      0.07520245456606425,
      0.07558242966198937
    ],
    [
      0.12107408955198744,
      0.0916241155556772,
      0.08048747309378232,
      0.07637237060649446,
      0.07580330148300995
    ],
    [
      0.12021455885578662,
      0.09214043068285992,
      0.08014963126389885,
      0.07678043341944665,
      0.07613887355357786
    ]
  ],
  "p_star": -1.0,
  "R_star": 1.0,
  "obj_star": 0.0728507853223962,
  "sigma_star": 0.07215719987902391,
  "bias_star": 0.010028730114448603,
  "eff_star": 0.8725,
  "obj_antikt": 0.07626900988523824,
  "sigma_antikt": 0.07626786705835159,
  "bias_antikt": -0.0004175203518109738,
  "eff_antikt": 0.86725,
  "irc": {
    "anti-kt (p=-1)": {
      "colinear": [
        0.0,
        0.0
      ],
      "soft": [
        0.00012146342405047663,
        0.0
      ]
    },
    "C/A (p=0)": {
      "colinear": [
        0.0,
        0.0
      ],
      "soft": [
        0.0001603264877148705,
        0.1111111111111111
      ]
    },
    "kt (p=+1)": {
      "colinear": [
        0.0,
        0.0
      ],
      "soft": [
        0.0002775316173144107,
        0.33333333333333337
      ]
    },
    "aprendido (p=-1)": {
      "colinear": [
        0.0,
        0.0
      ],
      "soft": [
        0.00012146342405047663,
        0.0
      ]
    },
    "DBSCAN": {
      "colinear": [
        3.789561257387201e-15,
        0.0
      ],
      "soft": [
        0.6452866433827295,
        0.1111111111111111
      ]
    }
  },
  "njets_antikt": 2.176,
  "njets_star": 2.1595,
  "mass_antikt": 88.94788182902278,
  "mass_star": 117.09889475980478,
  "overlap": 0.9997750677676241
}