{
  "soft_slope": 0.8364380956194896,
  "theta_slope": 1.5832100475290896,
  "pfn_soft_plateau": 2.566866636276245,
  "pfn_theta_plateau": 0.28961002826690674
}