{
  "n_seeds": 5,
  "device": "cuda",
  "results": {
    "EFN": {
      "corr": [
        0.9958750856031582,
        8.25802624479596e-05
      ],
      "rmse": [
        4.62358512878418,
        0.0406810306768523
      ],
      "irc_col": [
        8.441858199148555e-07,
        8.861806282683504e-08
      ],
      "irc_soft": [
        0.010357595235109329,
        0.0003458507258495871
      ]
    },
    "PFN": {
      "corr": [
        0.995357164245789,
        0.00043830144221699413
      ],
      "rmse": [
        5.167925930023193,
        0.3629225828973597
      ],
      "irc_col": [
        0.26892591416835787,
        0.031327375862447514
      ],
      "irc_soft": [
        9.063308715820312,
        2.112159805304546
      ]
    }
  },
  "raw": {
    "EFN": {
      "corr": [
        0.9959965548486559,
        0.9957524480373585,
        0.9958399578939225,
        0.9958585198472689,
        0.9959279473885848
      ],
      "rmse": [
        4.5570807456970215,
        4.638948440551758,
        4.673696994781494,
        4.6006035804748535,
        4.6475958824157715
      ],
      "irc_col": [
        8.835424978315132e-07,
        8.612709052613354e-07,
        9.782614824871416e-07,
        7.234297640934528e-07,
        7.744244499008346e-07
      ],
      "irc_soft": [
        0.010064492002129555,
        0.010920105502009392,
        0.009930063970386982,
        0.010451685637235641,
        0.010421629063785076
      ]
    },
    "PFN": {
      "corr": [
        0.995678135196257,
        0.9947626394608176,
        0.994883270612641,
        0.9957223830907072,
        0.9957393928685219
      ],
      "rmse": [
        4.798671722412109,
        5.604526042938232,
        5.509440898895264,
        4.707195281982422,
        5.2197957038879395
      ],
      "irc_col": [
        0.2504083514213562,
        0.3004637658596039,
        0.24814610183238983,
        0.2333875298500061,
        0.3122238218784332
      ],
      "irc_soft": [
        7.379086971282959,
        10.311898231506348,
        11.57026195526123,
        10.204861640930176,
        5.85043478012085
      ]
    }
  }
}